	leiden
CAACTAGAGCTGTTCA	Cycling Radial glia
CCACCTACAAAGTCAA	Radial glia
AACCATGAGACCACGA	intermediate progenitor
GATGAGGTCGACCAGC	Imature glutamatergic
GCACTCTTCTATCGCC	Mature glutamatergic
TGCCCTAAGGCCCGTT	Mature glutamatergic
TTCGGTCAGCTGGAAC	mature GABAergic
GGATTACAGACGCAAC	Mature glutamatergic
GTCTCGTTCCTCTAGC	Mature glutamatergic
CCATGTCAGTAGATGT	Imature GABAergic
GATCGATGTCAAACTC	Mature glutamatergic
GGTGTTAGTTTGCATG	Cycling Radial glia
CGCGTTTTCCAAACAC	Imature glutamatergic
GGCTGGTAGTGTCCCG	mature GABAergic
GCGCGATAGGTGATTA	mature GABAergic
AAGGAGCAGTATTGGA	Radial glia
CGACCTTAGTTGAGAT	Imature GABAergic
CGATCGGGTAGCGTCC	Mature glutamatergic
GCACATAAGAAGGTGA	Cycling Radial glia
GGTGCGTCACGGACAA	mature GABAergic
TGCGGGTTCTTTCCTC	Radial glia
CTAGCCTTCCTATTCA	Cajal Retzius
GCAATCACACCTGGTG	mature GABAergic
CAAGTTGAGGGTGTTG	Radial glia
GGCAATTCAGCATGAG	Radial glia
CAGTAACAGTGTTGAA	Cajal Retzius
AAGACCTGTGGTCCGT	Mature glutamatergic
ACTGAGTAGAGACTTA	Radial glia
ACGGCCAGTGTCTGAT	Imature glutamatergic
GATCGATCAACTGCTA	Cajal Retzius
GTTCGGGGTCAACATC	Cycling Radial glia
CATATGGAGAGTAAGG	Cycling Radial glia
ATGAGGGCAGACAAAT	Imature GABAergic
TCATTTGGTCTTGCGG	Imature glutamatergic
CGCCAAGGTCTTGCGG	Cajal Retzius
TCCACACAGACCACGA	Cycling Radial glia
AGACGTTTCTACTCAT	Cycling Radial glia
AGCTCCTTCGTATCAG	Imature GABAergic
GGCTGGTTCTGTACGA	Cycling Radial glia
CTCCTAGGTTAAGACA	Cajal Retzius
CCACCTATCTAACTGG	Radial glia
CGCCAAGAGTTATCGC	Radial glia
TAGACCAAGTAGGCCA	Imature GABAergic
AGCGGTCTCACCCGAG	Imature GABAergic
TGTTCCGCATGGGAAC	Radial glia
CGTGTCTCAACTGCGC	Cycling Radial glia
GTACTCCGTGCATCTA	Imature GABAergic
GGCTCGACAGGCAGTA	Mature glutamatergic
AGCTCCTTCATTTGGG	Cycling Radial glia
CAAGGCCTCGCAAGCC	Radial glia
CTGATCCAGATCCTGT	Cycling Radial glia
AACTCCCAGCGAAGGG	Cycling Radial glia
CTACATTGTCGGCATC	Cajal Retzius
CGGCTAGAGCCTTGAT	Mature glutamatergic
TTTGTCACAATGAATG	mature GABAergic
CTCTGGTCAGTAGAGC	Imature GABAergic
ACGAGGATCCTGTAGA	Radial glia
CACATAGAGAGATGAG	Cycling Radial glia
ATCTACTCATCCTTGC	Radial glia
GCAATCACATTCCTCG	Mature glutamatergic
AGCTCTCAGTGGCACA	Mature glutamatergic
AGGTCATCAGTGGGAT	Imature GABAergic
GTCGTAAAGAAGATTC	Mature glutamatergic
TACGGATAGAGCTTCT	Cajal Retzius
CACACCTTCTGCTGTC	Radial glia
CAGCATAGTTATCGGT	Radial glia
GTATTCTGTGAGCGAT	Mature glutamatergic
TATCTCATCCTAGAAC	mature GABAergic
GGCTCGATCGTGGTCG	Imature GABAergic
AAACGGGTCTCGGACG	mature GABAergic
CTGCCTAAGCCTATGT	Cycling Radial glia
GGACAAGTCCATGAAC	Cajal Retzius
GGGAATGCAGGTGGAT	Mature glutamatergic
CTAATGGTCATCGCTC	Imature glutamatergic
ATCGAGTAGCAGGTCA	Radial glia
TGAAAGACATTGAGCT	Imature glutamatergic
TGAGCCGAGCCATCGC	Radial glia
AGCTTGACACTAGTAC	Mature glutamatergic
CTGTTTATCCTTGGTC	Mature glutamatergic
CGTCAGGCAGTCAGCC	Radial glia
CGTAGGCAGAAGGCCT	mature GABAergic
GACGTTACAGTCAGCC	Imature glutamatergic
GGGCATCTCAACACAC	Cajal Retzius
CGGCTAGTCCGTTGCT	Radial glia
AGAATAGGTGTGGTTT	Imature glutamatergic
GTAGTCAAGATCGGGT	mature GABAergic
CGATTGAGTGGGTCAA	Radial glia
GGAACTTAGTGTACGG	Mature glutamatergic
CCGTTCAAGAGTAAGG	Cajal Retzius
TCAGGTACATGTCTCC	Cycling Radial glia
CTTCTCTTCGACCAGC	Cajal Retzius
CGGGTCAAGTGGGTTG	Imature GABAergic
TTGCGTCGTCTCAACA	Radial glia
GTATCTTGTACTTCTT	Cajal Retzius
TACGGTAGTGGTAACG	Imature glutamatergic
CATGGCGTCCTCATTA	Cajal Retzius
GATCGTAAGCCGCCTA	mature GABAergic
TGGGAAGTCTGAGGGA	mature GABAergic
GGCCGATCATGCCTAA	Mature glutamatergic
CCAATCCTCACTTATC	Cajal Retzius
CTTAACTAGTAAGTAC	Imature GABAergic
ACTTGTTCAGCTGGCT	Radial glia
GTCATTTGTTCAGTAC	Imature glutamatergic
GCGGGTTCAACGCACC	Radial glia
GAACCTATCATGGTCA	mature GABAergic
GGCTGGTCACGGATAG	Radial glia
TGTATTCCACTGAAGG	Radial glia
TTAACTCCAGTCACTA	Radial glia
TTGTAGGAGTGTACCT	Imature GABAergic
TGCCAAAAGAGTAAGG	mature GABAergic
CTAATGGAGGAGCGAG	Imature glutamatergic
AAGGAGCTCGTATCAG	mature GABAergic
GTCCTCATCGCGCCAA	Mature glutamatergic
AGGCCGTCACATAACC	Cycling Radial glia
TCAGCTCTCCTACAGA	Imature glutamatergic
ACCGTAAGTCGGCACT	Imature GABAergic
TTAGGCATCTCTAGGA	Imature glutamatergic
AGCATACCAAGGCTCC	Cycling Radial glia
CCCTCCTGTCCTCTTG	Cajal Retzius
CCAGCGACATATACCG	Imature GABAergic
TGGCGCAGTAAGGGCT	Imature glutamatergic
CTCAGAAAGTGATCGG	Imature GABAergic
ACCCACTCACTCTGTC	Imature glutamatergic
CGGAGCTGTCCGCTGA	Imature glutamatergic
CCATTCGGTATCGCAT	Radial glia
AAGGCAGTCGGACAAG	Mature glutamatergic
CACAGGCGTATGAAAC	Mature glutamatergic
GTCGTAAGTATATCCG	Cycling Radial glia
CCGTACTAGCCACCTG	Cajal Retzius
TTGCCGTAGCTGATAA	Imature glutamatergic
ACGCAGCAGATGGGTC	Radial glia
GTCATTTTCGCCTGAG	Radial glia
CCAATCCCAGCTGCAC	Imature glutamatergic
CCGTACTTCACTATTC	Cajal Retzius
TGCCCTACATACTCTT	Cycling Radial glia
GAGCAGATCAACACCA	intermediate progenitor
TAGCCGGGTGCGCTTG	Radial glia
TATCAGGAGCCAACAG	Imature glutamatergic
CTCTGGTAGCGTGTCC	Mature glutamatergic
ACTTGTTCAGCCAGAA	mature GABAergic
GCTTCCATCCCTAATT	Cajal Retzius
CTGTGCTGTAAATGTG	mature GABAergic
GAACCTAAGGATATAC	Imature glutamatergic
CGCGGTAGTCTCTTAT	Radial glia
TGGCCAGAGATGGCGT	Radial glia
ACGGAGAAGGCTATCT	Imature glutamatergic
CTGTTTAAGAATCTCC	Imature glutamatergic
CTTAACTCACGTTGGC	Imature GABAergic
GATCTAGAGTCTCGGC	Cajal Retzius
CCGGGATTCGGAATCT	Cajal Retzius
TGGGCGTGTCGACTAT	Imature GABAergic
AAACGGGCAATGGAAT	Mature glutamatergic
GCAAACTTCCACGTGG	Cajal Retzius
CGTTCTGCAGATGAGC	Imature GABAergic
CCAATCCCAACACCCG	intermediate progenitor
TGTATTCGTAACGACG	Mature glutamatergic
GTTACAGTCAGAGGTG	Imature GABAergic
AACGTTGTCTTCTGGC	Imature glutamatergic
CACTCCAAGACCACGA	Imature glutamatergic
GCAGTTATCTCCAACC	mature GABAergic
TCTGGAAAGAGCAATT	Imature GABAergic
ATGCGATGTTCCCGAG	Mature glutamatergic
CATATGGGTATAGGGC	Cajal Retzius
TCGCGTTAGTCCTCCT	Imature GABAergic
TCAATCTGTGAGGCTA	Cajal Retzius
CTGCCTAAGTGAACAT	Mature glutamatergic
AGCAGCCGTCGACTGC	Radial glia
ATAACGCCAGCCTGTG	Mature glutamatergic
TCATTTGAGGAACTGC	Imature GABAergic
AACACGTTCTCCAGGG	intermediate progenitor
AGCTCTCCACGCGAAA	Imature glutamatergic
GCATGATGTGTGCGTC	mature GABAergic
CACATAGCAGGATTGG	Imature GABAergic
CGCCAAGTCGCGGATC	Radial glia
TAGCCGGAGTGCTGCC	Cajal Retzius
AGGTCATGTGAAATCA	Cycling Radial glia
CCACTACGTGATGATA	Imature glutamatergic
TGGCTGGGTCTCCACT	Cajal Retzius
AGATCTGTCCGATATG	Imature GABAergic
GTATTCTGTTGTCTTT	Imature GABAergic
TCGGGACAGCCCAGCT	Radial glia
GTTACAGTCTCGATGA	Cajal Retzius
ATCATGGAGAAGAAGC	Radial glia
CGCGTTTCAGCTGTAT	Radial glia
TTCTTAGAGATCTGCT	intermediate progenitor
AAGACCTAGATTACCC	Imature glutamatergic
CTGAAGTAGGTAGCTG	mature GABAergic
TAGTGGTAGGCCCTTG	Imature glutamatergic
GATGAAAAGCAATATG	Radial glia
TTCTTAGTCTGTTGAG	Radial glia
